current_post_id,current_subreddit,original_post_id,original_subreddit,original_author,original_post_url,original_post_date,detected_at
t3_1jz41iv,kolkatacity,1jz3zt0,KolkataReal,polash_06,https://www.reddit.com/r/KolkataReal/comments/1jz3zt0/ajeet_bharti_on_waqf_protests_in_bengal/,2025-04-14T17:03:06.000Z,2026-09-24T05:50:56.785938+00:00
t3_1jz51f6,kolkatacity,1jz50k3,KolkataReal,polash_06,https://www.reddit.com/r/KolkataReal/comments/1jz50k3/satire_tmc_and_bjp_to_form_alliance_in_bengal/,2025-04-14T17:44:45.000Z,2026-09-24T05:50:56.785951+00:00
t3_1jzltd8,kolkatacity,1jzkxsk,KolkataReal,yoyosoham69,https://www.reddit.com/r/KolkataReal/comments/1jzkxsk/know_the_root_cause_of_the_current_waqf/,2025-04-15T06:23:38.000Z,2026-09-24T05:50:56.785963+00:00
t3_1k6ybsf,kolkatacity,1k6we3a,Bhagwa_Feminism,No-Budget1110,https://www.reddit.com/r/Bhagwa_Feminism/comments/1k6we3a/please_help_my_mother_to_fight_against_cancer/,2025-04-24T16:20:49.000Z,2026-09-24T05:50:56.786803+00:00
t3_1l1m8hm,kolkatacity,1l1m69y,inIndiannews,Awkward-Growth5838,https://www.reddit.com/r/inIndiannews/comments/1l1m69y/cm_himanta_biswa_says_assam_police_is_going_to/,2025-06-02T16:14:57.000Z,2026-09-24T06:04:36.905549+00:00
t3_1l235dk,kolkatacity,1l1zopx,HinduVoice,hellochiyaaaa,https://www.reddit.com/r/HinduVoice/comments/1l1zopx/wazahat_khan_goes_underground_after_fir_by_assam/,2025-06-03T01:36:52.000Z,2026-09-24T06:04:36.905649+00:00
t3_1l23zaj,kolkatacity,1l23d9j,Indian_Conservative,Alternative_Food6438,https://www.reddit.com/r/Indian_Conservative/comments/1l23d9j/terrorist_who_bombed_mumbai_tried_to_build/,2025-06-03T04:54:18.000Z,2026-09-24T06:04:36.905670+00:00
t3_1lf1ura,kolkatacity,1lf0zlq,indianews,kautious_kafka,https://www.reddit.com/r/indianews/comments/1lf0zlq/private_equity_firm_blackstone_acquires_kolkatas/,2025-06-19T03:42:03.000Z,2026-09-24T06:04:36.911262+00:00
t3_1lg9lyq,kolkatacity,1lg5gs5,Indian_Conservative,Developersbays_38,https://www.reddit.com/r/Indian_Conservative/comments/1lg5gs5/iran_before_the_1979_islamic_revolution_now_think/,2025-06-20T14:31:34.000Z,2026-09-24T06:04:36.911543+00:00
t3_1lrnilu,kolkatacity,1lrnhwv,IndiaOnX,BotCommentRemover,https://www.reddit.com/r/IndiaOnX/comments/1lrnhwv/what_a_unique_style_of_protest/,2025-07-04T16:50:36.000Z,2026-09-24T06:04:36.913634+00:00
t3_1machoy,kolkatacity,1ma25m1,Indian_Conservative,Karkota_24Rollno,https://www.reddit.com/r/Indian_Conservative/comments/1ma25m1/a_critique_on_satyajit_ray/,2025-07-26T19:33:47.000Z,2026-09-24T06:04:36.918347+00:00
t3_1maquh8,kolkatacity,1maqbmq,BharatasyaItihaas,BotCommentRemover,https://www.reddit.com/r/BharatasyaItihaas/comments/1maqbmq/a_man_guards_his_family_from_the_cannibals_during/,2025-07-27T16:15:27.000Z,2026-09-24T06:04:36.918745+00:00
t3_1mjst5p,kolkatacity,1mjsl3m,Indian_Conservative,Developersbays_38,https://www.reddit.com/r/Indian_Conservative/comments/1mjsl3m/wtf_no_way/,2025-08-07T06:24:52.000Z,2026-09-24T06:04:36.921214+00:00
t3_1mp0h0e,kolkatacity,1movkid,Indian_Conservative,Developersbays_38,https://www.reddit.com/r/Indian_Conservative/comments/1movkid/what_rabbies_infected_person_look_like/,2025-08-13T05:07:35.000Z,2026-09-24T06:04:36.922787+00:00
t3_1nkub0u,kolkatacity,1nkcykf,TheIndianRepublic,BotCommentRemover,https://www.reddit.com/r/TheIndianRepublic/comments/1nkcykf/this_feels_so_true/,2025-09-18T16:26:34.000Z,2026-09-24T06:04:36.932449+00:00
t3_1no9bzw,kolkatacity,1no6b01,TheIndianRepublic,GoldenMoon_04,https://www.reddit.com/r/TheIndianRepublic/comments/1no6b01/beauty_of_india/,2025-09-23T02:57:03.000Z,2026-09-24T06:04:36.933106+00:00
t3_1nog31y,kolkatacity,1nofkt1,West_Bengal,za_news_room,https://www.reddit.com/r/West_Bengal/comments/1nofkt1/bhadralok_on_their_way_to_vote_tmc_because_it_is/,2025-09-23T12:07:04.000Z,2026-09-24T06:04:36.933262+00:00
t3_1nojuyu,kolkatacity,1noj677,West_Bengal,Developersbays_38,https://www.reddit.com/r/West_Bengal/comments/1noj677/shocking_mamata_govt_withdraws_all_industrial/,2025-09-23T14:39:05.000Z,2026-09-24T06:04:36.933288+00:00
t3_1npycgi,kolkatacity,1npxz3h,West_Bengal,SuperiorTundra,https://www.reddit.com/r/West_Bengal/comments/1npxz3h/in_2011_mamata_banerjee_had_promised_to_turn/,2025-09-25T04:57:01.000Z,2026-09-24T06:04:36.933548+00:00
t3_1nqweyy,kolkatacity,1nquykv,TheIndianRepublic,Ok_Stranger_3668,https://www.reddit.com/r/TheIndianRepublic/comments/1nquykv/one_party_accepts_defeat_without_blaming_anyone/,2025-09-26T07:27:01.000Z,2026-09-24T06:04:36.933702+00:00
t3_1nrsaeq,kolkatacity,1nrs8cf,TheIndianRepublic,OuterCosmos07,https://www.reddit.com/r/TheIndianRepublic/comments/1nrs8cf/why_is_any_critisism_of_the_judiciary_not_allowed/,2025-09-27T10:52:46.000Z,2026-09-24T06:04:36.933867+00:00
t3_1nspukj,kolkatacity,1nsnjlp,TheIndianRepublic,Developersbays_38,https://www.reddit.com/r/TheIndianRepublic/comments/1nsnjlp/a_genz_ladakhi_exposes_sonam_wangchuk_must_listen/,2025-09-28T12:50:44.000Z,2026-09-24T06:04:36.934124+00:00
t3_1ntk4kx,kolkatacity,1ntjvp7,India_Bharat_,Dharmastato-Jayah,https://www.reddit.com/r/India_Bharat_/comments/1ntjvp7/is_this_accurate_chat/,2025-09-29T14:43:19.000Z,2026-09-24T06:04:36.934316+00:00
t3_1nubi2e,kolkatacity,1nu4pjs,TheIndianRepublic,Developersbays_38,https://www.reddit.com/r/TheIndianRepublic/comments/1nu4pjs/doctor_objects_interns_hijab_inside_hospital/,2025-09-30T05:19:17.000Z,2026-09-24T06:04:36.934422+00:00
t3_1nvzgqn,kolkatacity,1nvy995,TheIndianRepublic,OuterCosmos07,https://www.reddit.com/r/TheIndianRepublic/comments/1nvy995/30_drop_in_indias_most_heinous_crimes_after/,2025-10-02T08:33:47.000Z,2026-09-24T06:04:36.934714+00:00
t3_1nwrhlt,kolkatacity,1nwr4i2,TheIndianRepublic,SuperiorTundra,https://www.reddit.com/r/TheIndianRepublic/comments/1nwr4i2/_/,2025-10-03T05:57:36.000Z,2026-09-24T06:04:36.934899+00:00
t3_1o5cmiz,kolkatacity,1o5cmcb,inIndiannews,BotCommentRemover,https://www.reddit.com/r/inIndiannews/comments/1o5cmcb/this_is_a_muslim_country_you_have_to_wear_hijab/,2025-10-13T06:51:55.000Z,2026-09-24T06:04:36.936148+00:00
t3_1o5d6d5,kolkatacity,1o5d525,inIndiannews,BotCommentRemover,https://www.reddit.com/r/inIndiannews/comments/1o5d525/paschim_bardhaman_west_bengal_the_accused_in_the/,2025-10-13T07:24:31.000Z,2026-09-24T06:04:36.936174+00:00
t3_1o91pfy,kolkatacity,1o91nmm,India_Bharat_,BotCommentRemover,https://www.reddit.com/r/India_Bharat_/comments/1o91nmm/didi_ki_sarkaar_gangrape_victims_father/,2025-10-17T13:41:45.000Z,2026-09-24T06:04:36.936696+00:00
t3_1oeaphv,kolkatacity,1oeam4l,West_Bengal,BotCommentRemover,https://www.reddit.com/r/West_Bengal/comments/1oeam4l/mahua_moitra_for_you_cant_this_lady_keep_her/,2025-10-23T18:09:57.000Z,2026-09-24T06:04:36.937513+00:00
t3_1om8o9a,kolkatacity,1om81md,India_Bharat_,BotCommentRemover,https://www.reddit.com/r/India_Bharat_/comments/1om81md/top_10_dirtiest_city_in_india_2025/,2025-11-02T04:17:18.000Z,2026-09-24T06:04:36.939000+00:00
t3_1om8p1k,kolkatacity,1om81md,India_Bharat_,BotCommentRemover,https://www.reddit.com/r/India_Bharat_/comments/1om81md/top_10_dirtiest_city_in_india_2025/,2025-11-02T04:17:18.000Z,2026-09-24T06:04:36.939009+00:00
t3_1ompsip,kolkatacity,1omixnk,West_Bengal,Developersbays_38,https://www.reddit.com/r/West_Bengal/comments/1omixnk/bjp_mp_manoj_tigga_lost_his_cool_at_madirahat_bdo/,2025-11-02T14:38:53.000Z,2026-09-24T06:04:36.939155+00:00
t3_1oo2dwu,kolkatacity,1oo25a2,West_Bengal,Developersbays_38,https://www.reddit.com/r/West_Bengal/comments/1oo25a2/meet_nazirul_gazi_bangladeshi_he_came_to_west/,2025-11-04T08:29:27.000Z,2026-09-24T06:04:36.939389+00:00
t3_1oo7jh3,kolkatacity,1oo7j18,West_Bengal,BotCommentRemover,https://www.reddit.com/r/West_Bengal/comments/1oo7j18/it_didnt_happen_in_bangladesh_it_happened_in/,2025-11-04T13:46:02.000Z,2026-09-24T06:04:36.939405+00:00
t3_1p4fqmz,kolkatacity,1p3vdqy,IndianDefense,whoose-who,https://www.reddit.com/r/IndianDefense/comments/1p3vdqy/we_are_prepared_for_all_types_of_war_from_cyber/,2025-11-22T15:03:36.000Z,2026-09-24T06:04:36.941919+00:00
t3_1p4md8y,kolkatacity,1p4hbsi,IndianDefense,Suspicious-Slip248,https://www.reddit.com/r/IndianDefense/comments/1p4hbsi/crpf_raining_down_bullets_operation_black_forest/,2025-11-23T08:11:31.000Z,2026-09-24T06:04:36.941991+00:00
t3_1p8c8e3,kolkatacity,1p837us,IndianDefense,Southern_Wings24,https://www.reddit.com/r/IndianDefense/comments/1p837us/notam_from_vizag_has_been_increased_total/,2025-11-27T14:14:22.000Z,2026-09-24T06:04:36.943309+00:00
t3_1p9m2tk,kolkatacity,1p9itv0,West_Bengal,Electronic-Salad5405,https://www.reddit.com/r/West_Bengal/comments/1p9itv0/such_a_surreal_scene_a_mother_before_the/,2025-11-29T07:27:33.000Z,2026-09-24T06:04:36.943443+00:00
t3_1pabdpn,kolkatacity,1paae9d,West_Bengal,gdborg,https://www.reddit.com/r/West_Bengal/comments/1paae9d/the_hindu_communist_is_a_foolhas_always_been_the/,2025-11-30T05:34:36.000Z,2026-09-24T06:04:36.943543+00:00
t3_1pau3jk,kolkatacity,1pagq3y,ZyadaKuchNai,IndianByBrain,https://www.reddit.com/r/ZyadaKuchNai/comments/1pagq3y/zyada_kuch_nai_the_most_meaningful_video_i_saw_in/,2025-11-30T12:05:18.000Z,2026-09-24T06:04:36.943613+00:00
t3_1pe9tek,kolkatacity,1pe0i9f,IndianDefense,GiveMeSomeSunshine3,https://www.reddit.com/r/IndianDefense/comments/1pe0i9f/russian_president_vladimir_putin_lands_in_india/,2025-12-04T13:50:40.000Z,2026-09-24T06:04:36.943974+00:00
t3_1pextrh,kolkatacity,1penjig,IndianDefense,Electronic_Cause_796,https://www.reddit.com/r/IndianDefense/comments/1penjig/russian_president_vladimir_putin_receives_a_guard/,2025-12-05T06:03:00.000Z,2026-09-24T06:04:36.944027+00:00
t3_1pfh2yl,kolkatacity,1pdygs0,ZyadaKuchNai,Night_Owl_799,https://www.reddit.com/r/ZyadaKuchNai/comments/1pdygs0/zyada_kuch_nai_kindness_is_the_purest_form_in/,2025-12-04T12:13:08.000Z,2026-09-24T06:04:36.944034+00:00
t3_1ph3gfw,kolkatacity,1pgal3o,IndianDefense,Snoo99928,https://www.reddit.com/r/IndianDefense/comments/1pgal3o/tactical_asmr/,2025-12-07T05:37:45.000Z,2026-09-24T06:04:36.944417+00:00
t3_1pn87fl,kolkatacity,1pn46a9,IndianDefense,Alarming-Studio-720,https://www.reddit.com/r/IndianDefense/comments/1pn46a9/dont_know_about_the_meteor_on_rafale_but_here_is/,2025-12-15T10:31:29.000Z,2026-09-24T06:04:36.945590+00:00
t3_1pn8sgp,kolkatacity,1pn1md0,HindutvaRises,Curious_Beautiful269,https://www.reddit.com/r/HindutvaRises/comments/1pn1md0/beware_of_the_they_have_human_rights_gang_these/,2025-12-15T07:36:36.000Z,2026-09-24T06:04:36.945598+00:00
t3_1qa0dkd,kolkatacity,1qa0ag0,West_Bengal,Developersbays_38,https://www.reddit.com/r/West_Bengal/comments/1qa0ag0/tmc_mp_abhishek_banerjee_visited_the_sebashray/,2026-01-11T14:11:40.000Z,2026-09-24T06:04:36.951062+00:00
t3_1qjs7xh,kolkatacity,1qjooef,GeopoliticsIndia,raunak_j24,https://www.reddit.com/r/GeopoliticsIndia/comments/1qjooef/when_india_stopped_explaining_and_started_acting/,2026-01-22T07:59:28.000Z,2026-09-24T06:04:36.952194+00:00
t3_1qlp7jt,kolkatacity,1qj4xak,IndianHistory,Ok-Zombie5133,https://www.reddit.com/r/IndianHistory/comments/1qj4xak/the_only_american_jailed_for_indias_freedom/,2026-01-21T17:53:19.000Z,2026-09-24T06:04:36.952437+00:00
t3_1rv0w6v,kolkatacity,1rub6gk,IndianDefense,Electronic_Cause_796,https://www.reddit.com/r/IndianDefense/comments/1rub6gk/indian_navy_entering_straight_of_hormuz_and_no/,2026-03-15T11:00:14.000Z,2026-09-24T06:04:36.957085+00:00
t3_1rvwg5z,kolkatacity,1rv7f3b,TheIndianRepublic,hrisch,https://www.reddit.com/r/TheIndianRepublic/comments/1rv7f3b/for_all_i_know_he_could_be_rohingya_muslim_aka/,2026-03-16T11:57:56.000Z,2026-09-24T06:04:36.957173+00:00
t3_1rxb9ia,kolkatacity,1rx9zy8,Feminism4India,KananKusum,https://www.reddit.com/r/Feminism4India/comments/1rx9zy8/since_many_of_yall_hate_this_book/,2026-03-18T17:18:21.000Z,2026-09-24T06:04:36.957365+00:00
t3_1s6pred,kolkatacity,1s676dq,Dhurandhar,AbrarRather,https://www.reddit.com/r/Dhurandhar/comments/1s676dq/i_keep_seeing_this_claim_that_muslims_are_against/,2026-03-28T17:54:45.000Z,2026-09-24T06:04:36.958569+00:00
t3_1s8giuq,kolkatacity,1s8ald7,funnyvideos,Technical-Relation-9,https://www.reddit.com/r/funnyvideos/comments/1s8ald7/he_believes_in_smart_work_not_hard_work/,2026-03-31T02:10:21.000Z,2026-09-24T06:04:36.958873+00:00
t3_1s9c4s7,kolkatacity,1s9apwc,ZyadaKuchNai,sandipbhaiiii,https://www.reddit.com/r/ZyadaKuchNai/comments/1s9apwc/men_and_their_words_even_atlantic_cant_match_the/,2026-04-01T04:42:50.000Z,2026-09-24T06:04:36.958936+00:00
t3_1s9cdya,kolkatacity,1s9blbw,indianrailways,Guilty-Baby6398,https://www.reddit.com/r/indianrailways/comments/1s9blbw/tc_helps_an_indian_soldier_find_a_seat_after/,2026-04-01T05:29:44.000Z,2026-09-24T06:04:36.958953+00:00
t3_1sb3rkz,kolkatacity,1sasoqk,Dhurandhar,Fast-Philosopher-356,https://www.reddit.com/r/Dhurandhar/comments/1sasoqk/i_just_had_a_wild_realization/,2026-04-02T20:25:45.000Z,2026-09-24T06:04:36.959203+00:00
t3_1sc6bz2,kolkatacity,1saiw8p,Feminism4India,paniiiipuriiii,https://www.reddit.com/r/Feminism4India/comments/1saiw8p/anything_he_can_do_she_can_even_do_it_in_a_sari/,2026-04-02T14:26:49.000Z,2026-09-24T06:04:36.959382+00:00
t3_1shhylp,kolkatacity,1sh9uvq,West_Bengal,No_Host_6054,https://www.reddit.com/r/West_Bengal/comments/1sh9uvq/kolkata_police_nowadays/,2026-04-10T02:24:35.000Z,2026-09-24T06:04:36.959960+00:00
t3_1sn7s9h,kolkatacity,1sn3a67,Feminism4India,paniiiipuriiii,https://www.reddit.com/r/Feminism4India/comments/1sn3a67/a_statement_the_chess_world_couldnt_ignore_gotta/,2026-04-16T13:17:49.000Z,2026-09-24T06:04:36.960951+00:00
t3_1srj8mk,kolkatacity,1srj76m,TheIndianRepublic,Dharmicimperium,https://www.reddit.com/r/TheIndianRepublic/comments/1srj76m/feminism_as_an_ideology_has_completely_strayed/,2026-04-21T10:01:47.000Z,2026-09-24T06:04:36.962157+00:00
t3_1t0saln,kolkatacity,1t0sa95,West_Bengal,sedlfy,https://www.reddit.com/r/West_Bengal/comments/1t0sa95/bangladeshi_mp_akhter_hossen_says_exit_polls/,2026-05-01T12:39:41.000Z,2026-09-24T06:04:36.964659+00:00
t3_1t1quha,kolkatacity,1t1qtz5,West_Bengal,sedlfy,https://www.reddit.com/r/West_Bengal/comments/1t1qtz5/a_local_woman_says_tmcs_israfil_chowkidar_has/,2026-05-02T14:05:12.000Z,2026-09-24T06:04:36.964994+00:00
t3_1t2d5ri,kolkatacity,1t2d2d4,IndianHistoryThread,FloralBegonia,https://www.reddit.com/r/IndianHistoryThread/comments/1t2d2d4/images_of_communist_propaganda_against_netaji/,2026-05-03T05:56:32.000Z,2026-09-24T06:04:36.965097+00:00
t3_1t3kgsh,kolkatacity,1t3i4q9,kolkata,Strawberrycharm3,https://www.reddit.com/r/kolkata/comments/1t3i4q9/this_is_so_scary_my_hands_are_still_shaking/,2026-05-04T13:43:54.000Z,2026-09-24T06:04:36.966428+00:00
t3_1t4pnnn,kolkatacity,1t4l7pr,Feminism4India,Rude-Butterscotchh,https://www.reddit.com/r/Feminism4India/comments/1t4l7pr/amout_of_pain_women_go_through_during_periods/,2026-05-05T16:52:59.000Z,2026-09-24T06:04:36.967883+00:00
t3_1t5aesa,kolkatacity,1t5ac8v,TheIndianRepublic,Developersbays_38,https://www.reddit.com/r/TheIndianRepublic/comments/1t5ac8v/police_raid_tmc_office_in_narayannapur_ghutiari/,2026-05-06T11:40:31.000Z,2026-09-24T06:04:36.968327+00:00
t3_1t5be4z,kolkatacity,1t5bdpu,West_Bengal,sedlfy,https://www.reddit.com/r/West_Bengal/comments/1t5bdpu/in_west_bengal_just_after_the_2026_assembly/,2026-05-06T12:26:07.000Z,2026-09-24T06:04:36.968350+00:00
t3_1t6dfab,kolkatacity,1t67kcj,Dhurandhar,GiveMeSomeSunshine3,https://www.reddit.com/r/Dhurandhar/comments/1t67kcj/another_dhurandhar_inspired_edit_by_the_ruling/,2026-05-07T11:21:28.000Z,2026-09-24T06:04:36.969253+00:00
t3_1t85883,kolkatacity,1t76vxq,Kolkatacity,LivingHumanSM,https://www.reddit.com/r/Kolkatacity/comments/1t76vxq/please_stop_discussing_about_the_other_subreddit/,2026-05-08T12:45:48.000Z,2026-09-24T06:04:36.970180+00:00
t3_1ta8bym,kolkatacity,1ta8bch,West_Bengal,sedlfy,https://www.reddit.com/r/West_Bengal/comments/1ta8bch/life_is_short_be_happy/,2026-05-11T16:25:25.000Z,2026-09-24T06:04:36.970984+00:00
t3_1tk9ukw,kolkatacity,1tivqsq,Feminism4India,Rude-Butterscotchh,https://www.reddit.com/r/Feminism4India/comments/1tivqsq/meet_rupa_bayor_who_won_a_bronze_medal_at_the/,2026-05-20T19:13:27.000Z,2026-09-24T06:04:36.973990+00:00
t3_1tkeviz,kolkatacity,1tkeq4c,AkhandBharat,brien23,https://www.reddit.com/r/AkhandBharat/comments/1tkeq4c/is_the_cockroach_janata_party_actually_a_wolf_in/,2026-05-22T10:16:54.000Z,2026-09-24T06:04:36.974068+00:00
t3_1tkgqu4,kolkatacity,1tkbs6b,HumansBeingBros,jmike1256,https://www.reddit.com/r/HumansBeingBros/comments/1tkbs6b/this_lady_took_her_time_to_rescue_and_clean_up/,2026-05-22T07:34:02.000Z,2026-09-24T06:04:36.974100+00:00
t3_1tn6k7u,kolkatacity,1tm4kb0,IndiaSpeaks,SatoruGojo232,https://www.reddit.com/r/IndiaSpeaks/comments/1tm4kb0/1009_seconds_of_pure_history_gurindervir_singh/,2026-05-24T06:49:17.000Z,2026-09-24T06:04:36.974849+00:00
t3_1toj8da,kolkatacity,1tnzgtd,indianews,GiediHarkonnen,https://www.reddit.com/r/indianews/comments/1tnzgtd/self_proclaimed_biggest_gangster_of_howrah_from/,2026-05-26T07:19:14.000Z,2026-09-24T06:04:36.975243+00:00
t3_1tujc4o,kolkatacity,1tuj16j,IndianHistoryThread,FloralBegonia,https://www.reddit.com/r/IndianHistoryThread/comments/1tuj16j/albert_einstein_and_rabindranath_tagore_in_berlin/,2026-06-02T06:54:34.000Z,2026-09-24T06:04:37.022984+00:00
t3_1tz45iy,kolkatacity,1tywxv5,Awww,Confabules,https://www.reddit.com/r/Awww/comments/1tywxv5/a_cats_daily_market_visit_to_hug_the_cashier/,2026-06-07T00:06:02.000Z,2026-09-24T06:04:37.024060+00:00
t3_1u31x3s,kolkatacity,1u2po0m,Feminism4India,Rude-Butterscotchh,https://www.reddit.com/r/Feminism4India/comments/1u2po0m/ips_officer_anu_beniwal_is_an_inspiration_for_all/,2026-06-11T05:06:48.000Z,2026-09-24T06:04:37.024732+00:00
t3_1ujtx1l,kolkatacity,1uisl8x,IndiaSpeaks,Marsmagnetar,https://www.reddit.com/r/IndiaSpeaks/comments/1uisl8x/some_of_my_favourite_indian_images_i_have_come/,2026-06-29T13:30:35.000Z,2026-09-24T06:04:37.027386+00:00
t3_1v64mbu,kolkatacity,1v64lmi,TheIndianRepublic,Dharmicimperium,https://www.reddit.com/r/TheIndianRepublic/comments/1v64lmi/its_time_for_the_other_parties_to_also_show/,2026-07-25T10:22:09.000Z,2026-09-24T06:04:37.032159+00:00
t3_1vn59wi,kolkatacity,1vn5962,TheIndianRepublic,Dharmicimperium,https://www.reddit.com/r/TheIndianRepublic/comments/1vn5962/this_one_data_is_striking_fear_inside_chinese/,2026-08-13T08:51:15.000Z,2026-09-24T06:04:37.036595+00:00
t3_1voiy2n,kolkatacity,1voi6sy,indiadiscussion,RemarkableBluejay790,https://www.reddit.com/r/indiadiscussion/comments/1voi6sy/freedom_fighter_tara_rani_srivastava_who_made/,2026-08-14T20:13:30.000Z,2026-09-24T06:04:37.036943+00:00
t3_1vpvrts,kolkatacity,1vpvpbl,TeensBharat,Dharmicimperium,https://www.reddit.com/r/TeensBharat/comments/1vpvpbl/tukaram_mundhe_led_fda_issues_notice_to_shah_rukh/,2026-08-16T12:24:38.000Z,2026-09-24T06:04:37.037258+00:00
t3_1vtak64,kolkatacity,1vtahrp,TeensBharat,Dharmicimperium,https://www.reddit.com/r/TeensBharat/comments/1vtahrp/does_being_a_genz_give_you_a_free_pass_to_act/,2026-08-20T05:29:52.000Z,2026-09-24T06:04:37.037661+00:00
t3_1vv4o73,kolkatacity,1vv4d8h,TeensBharat,ItchyPhotograph2102,https://www.reddit.com/r/TeensBharat/comments/1vv4d8h/imagine_how_amazing_a_gta_game_set_in_india_would/,2026-08-22T06:09:49.000Z,2026-09-24T06:04:37.037918+00:00
t3_1vwqmth,kolkatacity,1vwqi5t,TeensBharat,Dharmicimperium,https://www.reddit.com/r/TeensBharat/comments/1vwqi5t/this_is_so_true/,2026-08-24T02:38:46.000Z,2026-09-24T06:04:37.038153+00:00
t3_1w01hxj,kolkatacity,1vzobcp,Damnthatsinteresting,Neat_Bit1936,https://www.reddit.com/r/Damnthatsinteresting/comments/1vzobcp/joseph_nguthiru_a_kenyan_entrepreneur_is_changing/,2026-08-27T08:41:18.000Z,2026-09-24T06:04:37.038551+00:00
t3_1w1d34w,kolkatacity,1w1bxhg,WhitePillBharat,Dharmicimperium,https://www.reddit.com/r/WhitePillBharat/comments/1w1bxhg/_/,2026-08-29T03:53:36.000Z,2026-09-24T06:04:37.038735+00:00
t3_1w1klcy,kolkatacity,1w1hak2,WhitePillBharat,Fast-Philosopher-356,https://www.reddit.com/r/WhitePillBharat/comments/1w1hak2/music_at_its_finest/,2026-08-29T08:49:27.000Z,2026-09-24T06:04:37.038794+00:00
t3_1w97whs,kolkatacity,1kv4sec,Tantrasadhaks,[deleted],https://www.reddit.com/r/Tantrasadhaks/comments/1kv4sec/exceptional_siddha_of_all_the_10_mahavidyas_shri/,2025-05-25T15:08:41.000Z,2026-09-24T06:04:37.040205+00:00
t3_1wlbtxf,kolkatacity,1wlbosm,WhitePillBharat,Choice-Economist-840,https://www.reddit.com/r/WhitePillBharat/comments/1wlbosm/this_is_how_your_one_vote_changed_the_entire_dna/,2026-09-20T08:41:57.000Z,2026-09-24T06:04:37.042209+00:00
