month,subreddit,posts,comments,unique_active_users,new_users
2025-04,kolkata,397,3807,1540,1540
2025-05,kolkata,4086,31313,8008,7086
2025-06,kolkata,4035,18955,6639,3652
2025-07,kolkata,4339,249,2767,1639
2025-08,kolkata,4656,147,2818,1621
2025-09,kolkata,5620,104,3265,1847
2025-10,kolkata,4917,85,2852,1503
2025-11,kolkata,4441,80,2754,1469
2025-12,kolkata,5332,78,3182,1728
2026-01,kolkata,5248,39215,10056,5697
2026-02,kolkata,5067,42396,11063,5240
2026-03,kolkata,5937,52148,11841,5292
2026-04,kolkata,6879,63172,14053,6193
2026-05,kolkata,8419,80698,17602,8323
2026-06,kolkata,7155,63367,14201,5675
2026-07,kolkata,7326,63879,13549,5096
2026-08,kolkata,1005,15113,5900,1883
2026-09,kolkata,5448,52701,12022,4165
2026-10,kolkata,0,6,6,4
2025-04,kolkatacity,50,154,73,73
2025-05,kolkatacity,50,484,241,175
2025-06,kolkatacity,227,2965,1011,715
2025-07,kolkatacity,415,4937,1249,740
2025-08,kolkatacity,638,8514,2391,1535
2025-09,kolkatacity,677,8360,3124,2041
2025-10,kolkatacity,471,4997,1972,1041
2025-11,kolkatacity,472,5014,1884,1053
2025-12,kolkatacity,739,9010,3570,2363
2026-01,kolkatacity,551,6879,3004,1720
2026-02,kolkatacity,418,5398,2474,1297
2026-03,kolkatacity,536,6241,2799,1441
2026-04,kolkatacity,960,11428,3781,1986
2026-05,kolkatacity,2373,26713,7527,4139
2026-06,kolkatacity,1087,11130,4456,1941
2026-07,kolkatacity,1537,21818,9304,5927
2026-08,kolkatacity,1156,14406,6396,3171
2026-09,kolkatacity,860,8403,3368,1304
