collection_date,subreddit,period_start,period_end,data_type,api_tool,query_filter,records_collected,status,errors_or_limitations
2026-08-27T08:48:26.444531+00:00,kolkata,2025-04-01,2025-04-30,posts,brightdata_posts,"discover_new/subreddit_url bare full-history (fallback, no date params)",0,complete,
2026-08-27T08:48:26.448790+00:00,kolkata,2025-05-01,2025-05-31,posts,brightdata_posts,"discover_new/subreddit_url bare full-history (fallback, no date params)",0,complete,
2026-08-27T08:48:26.450174+00:00,kolkata,2025-06-01,2025-06-30,posts,brightdata_posts,"discover_new/subreddit_url bare full-history (fallback, no date params)",0,complete,
2026-08-27T08:48:26.451610+00:00,kolkata,2025-07-01,2025-07-31,posts,brightdata_posts,"discover_new/subreddit_url bare full-history (fallback, no date params)",0,complete,
2026-08-27T08:48:26.453083+00:00,kolkata,2025-08-01,2025-08-31,posts,brightdata_posts,"discover_new/subreddit_url bare full-history (fallback, no date params)",0,complete,
2026-08-27T08:48:26.454414+00:00,kolkata,2025-09-01,2025-09-30,posts,brightdata_posts,"discover_new/subreddit_url bare full-history (fallback, no date params)",0,complete,
2026-08-27T08:48:26.455701+00:00,kolkata,2025-10-01,2025-10-31,posts,brightdata_posts,"discover_new/subreddit_url bare full-history (fallback, no date params)",0,complete,
2026-08-27T08:48:26.457067+00:00,kolkata,2025-11-01,2025-11-30,posts,brightdata_posts,"discover_new/subreddit_url bare full-history (fallback, no date params)",0,complete,
2026-08-27T08:48:26.458323+00:00,kolkata,2025-12-01,2025-12-31,posts,brightdata_posts,"discover_new/subreddit_url bare full-history (fallback, no date params)",0,complete,
2026-08-27T08:48:26.459575+00:00,kolkata,2026-01-01,2026-01-31,posts,brightdata_posts,"discover_new/subreddit_url bare full-history (fallback, no date params)",0,complete,
2026-08-27T08:48:26.460882+00:00,kolkata,2026-02-01,2026-02-28,posts,brightdata_posts,"discover_new/subreddit_url bare full-history (fallback, no date params)",0,complete,
2026-08-27T08:48:26.462167+00:00,kolkata,2026-03-01,2026-03-31,posts,brightdata_posts,"discover_new/subreddit_url bare full-history (fallback, no date params)",0,complete,
2026-08-27T08:48:26.463434+00:00,kolkata,2026-04-01,2026-04-30,posts,brightdata_posts,"discover_new/subreddit_url bare full-history (fallback, no date params)",0,complete,
2026-08-27T08:48:26.464688+00:00,kolkata,2026-05-01,2026-05-31,posts,brightdata_posts,"discover_new/subreddit_url bare full-history (fallback, no date params)",0,complete,
2026-08-27T08:48:26.466011+00:00,kolkata,2026-06-01,2026-06-30,posts,brightdata_posts,"discover_new/subreddit_url bare full-history (fallback, no date params)",0,complete,
2026-08-27T08:48:26.467332+00:00,kolkata,2026-07-01,2026-07-31,posts,brightdata_posts,"discover_new/subreddit_url bare full-history (fallback, no date params)",0,complete,
2026-08-27T08:48:26.540631+00:00,kolkata,2026-08-01,2026-08-27,posts,brightdata_posts,"discover_new/subreddit_url bare full-history (fallback, no date params)",993,partial,
2026-08-27T08:48:26.545466+00:00,kolkata,,,subreddit_metadata,derived_from_posts_dataset,about/rules/moderators/hot.json + derived from raw posts,1,partial,Reddit public about.json unreachable (HTTP 403 from this environment as of 2026-08-27). Rules unavailable (public rules.json blocked or subreddit has none). Moderator list unavailable (public moderators.json blocked or empty).
2026-08-27T08:55:19.983648+00:00,kolkata,2026-08-01,2026-08-31,comments,brightdata_comments,"url_collection batch 1/20, 50 post urls",778,complete,
2026-08-27T09:02:54.904050+00:00,kolkata,2026-08-01,2026-08-31,comments,brightdata_comments,"url_collection batch 2/20, 50 post urls",569,complete,
2026-08-27T09:08:49.251675+00:00,kolkata,2026-08-01,2026-08-31,comments,brightdata_comments,"url_collection batch 3/20, 50 post urls",240,complete,
2026-08-27T09:14:47.616965+00:00,kolkata,2026-08-01,2026-08-31,comments,brightdata_comments,"url_collection batch 4/20, 50 post urls",302,complete,
2026-08-27T09:17:18.095790+00:00,kolkata,2026-08-01,2026-08-31,comments,brightdata_comments,"url_collection batch 5/20, 50 post urls",259,complete,
2026-08-27T09:19:19.079633+00:00,kolkata,2026-08-01,2026-08-31,comments,brightdata_comments,"url_collection batch 6/20, 50 post urls",553,complete,
2026-08-27T09:22:19.538134+00:00,kolkata,2026-08-01,2026-08-31,comments,brightdata_comments,"url_collection batch 7/20, 50 post urls",375,complete,
