subreddit,data_type,month,period_start,period_end,status,snapshot_id,records_collected,last_attempt_at,error_message
kolkata,posts,2025-04,2025-04-01,2025-04-30,complete,sd_mtb9nkmj16drvejddk,0,2026-08-27T08:48:26.437863+00:00,
kolkata,posts,2025-05,2025-05-01,2025-05-31,complete,sd_mtb9nkmj16drvejddk,0,2026-08-27T08:48:26.448280+00:00,
kolkata,posts,2025-06,2025-06-01,2025-06-30,complete,sd_mtb9nkmj16drvejddk,0,2026-08-27T08:48:26.449748+00:00,
kolkata,posts,2025-07,2025-07-01,2025-07-31,complete,sd_mtb9nkmj16drvejddk,0,2026-08-27T08:48:26.451134+00:00,
kolkata,posts,2025-08,2025-08-01,2025-08-31,complete,sd_mtb9nkmj16drvejddk,0,2026-08-27T08:48:26.452631+00:00,
kolkata,posts,2025-09,2025-09-01,2025-09-30,complete,sd_mtb9nkmj16drvejddk,0,2026-08-27T08:48:26.453994+00:00,
kolkata,posts,2025-10,2025-10-01,2025-10-31,complete,sd_mtb9nkmj16drvejddk,0,2026-08-27T08:48:26.455284+00:00,
kolkata,posts,2025-11,2025-11-01,2025-11-30,complete,sd_mtb9nkmj16drvejddk,0,2026-08-27T08:48:26.456609+00:00,
kolkata,posts,2025-12,2025-12-01,2025-12-31,complete,sd_mtb9nkmj16drvejddk,0,2026-08-27T08:48:26.457921+00:00,
kolkata,posts,2026-01,2026-01-01,2026-01-31,complete,sd_mtb9nkmj16drvejddk,0,2026-08-27T08:48:26.459176+00:00,
kolkata,posts,2026-02,2026-02-01,2026-02-28,complete,sd_mtb9nkmj16drvejddk,0,2026-08-27T08:48:26.460475+00:00,
kolkata,posts,2026-03,2026-03-01,2026-03-31,complete,sd_mtb9nkmj16drvejddk,0,2026-08-27T08:48:26.461761+00:00,
kolkata,posts,2026-04,2026-04-01,2026-04-30,complete,sd_mtb9nkmj16drvejddk,0,2026-08-27T08:48:26.463025+00:00,
kolkata,posts,2026-05,2026-05-01,2026-05-31,complete,sd_mtb9nkmj16drvejddk,0,2026-08-27T08:48:26.464279+00:00,
kolkata,posts,2026-06,2026-06-01,2026-06-30,complete,sd_mtb9nkmj16drvejddk,0,2026-08-27T08:48:26.465597+00:00,
kolkata,posts,2026-07,2026-07-01,2026-07-31,complete,sd_mtb9nkmj16drvejddk,0,2026-08-27T08:48:26.466888+00:00,
kolkata,posts,2026-08,2026-08-01,2026-08-27,partial,sd_mtb9nkmj16drvejddk,993,2026-08-27T08:48:26.540056+00:00,
kolkata,comments,2025-04,2025-04-01,2025-04-30,complete,,0,2026-08-27T08:48:36.224741+00:00,
kolkata,comments,2025-05,2025-05-01,2025-05-31,complete,,0,2026-08-27T08:48:36.227016+00:00,
kolkata,comments,2025-06,2025-06-01,2025-06-30,complete,,0,2026-08-27T08:48:36.229091+00:00,
kolkata,comments,2025-07,2025-07-01,2025-07-31,complete,,0,2026-08-27T08:48:36.231150+00:00,
kolkata,comments,2025-08,2025-08-01,2025-08-31,complete,,0,2026-08-27T08:48:36.233194+00:00,
kolkata,comments,2025-09,2025-09-01,2025-09-30,complete,,0,2026-08-27T08:48:36.235180+00:00,
kolkata,comments,2025-10,2025-10-01,2025-10-31,complete,,0,2026-08-27T08:48:36.237156+00:00,
kolkata,comments,2025-11,2025-11-01,2025-11-30,complete,,0,2026-08-27T08:48:36.239116+00:00,
kolkata,comments,2025-12,2025-12-01,2025-12-31,complete,,0,2026-08-27T08:48:36.241191+00:00,
kolkata,comments,2026-01,2026-01-01,2026-01-31,complete,,0,2026-08-27T08:48:36.243216+00:00,
kolkata,comments,2026-02,2026-02-01,2026-02-28,complete,,0,2026-08-27T08:48:36.245145+00:00,
kolkata,comments,2026-03,2026-03-01,2026-03-31,complete,,0,2026-08-27T08:48:36.247035+00:00,
kolkata,comments,2026-04,2026-04-01,2026-04-30,complete,,0,2026-08-27T08:48:36.248938+00:00,
kolkata,comments,2026-05,2026-05-01,2026-05-31,complete,,0,2026-08-27T08:48:36.250814+00:00,
kolkata,comments,2026-06,2026-06-01,2026-06-30,complete,,0,2026-08-27T08:48:36.252700+00:00,
kolkata,comments,2026-07,2026-07-01,2026-07-31,complete,,0,2026-08-27T08:48:36.254622+00:00,
